{
  "dimensions" : 
  {
    "x" : 256,
    "y" : 256,
    "z" : 32
  },
  "origin" : 
  {
    "x" : -0.12800000607967377,
    "y" : -0.12800000607967377,
    "z" : 0.20100000500679016
  },
  "spacing" : 
  {
    "x" : 0.0010000000474974513,
    "y" : 0.0010000000474974513,
    "z" : 0.0024999999441206455
  }
}